INSERT INTO `customers` (`id`, `name`, `vip`, `active`) VALUES (316, 'Location_A', b'1', b'1'), (312, 'Location_B', b'1', b'1'), (307, 'Location_C', b'1', b'1');

INSERT INTO `customersApiKeys` (`id`, `cid`, `name`, `apiKey`) VALUES (103, 316, 'Location_A', 'uuid-Location_A'), (99, 312, 'Location_B', 'uuid-Location_B'), (94, 307, 'Location_C', 'uuid-Location_C');

INSERT INTO `systemsApiKeys` (`id`, `name`, `apiKey`) VALUES (199, 'Measurements', 'uuid-Measurements');

INSERT INTO `systems` (`sid`, `origin`, `lat`, `lon`, `region`, `timezone`, `brand`, `freq`, `qual`, `lag`, `created`, `autoupdate`, `polarity`, `measurements_customer_api_key_id`) VALUES ('Location_C_System_1', 'ems', 5.8, 53.201, NULL, NULL, NULL, NULL, NULL, NULL, '2019-08-22 11:26:11', 1, -1, 199), ('Location_C_System_2', 'ems', 5.8, 53.201, NULL, NULL, NULL, NULL, NULL, NULL, '2019-08-22 11:26:11', 1, -1, 199), ('Location_A_System_1', 'ems', 5.837, 51.813, NULL, NULL, NULL, NULL, NULL, NULL, '2019-08-22 11:26:07', 1, 1, 199), ('Location_A_System_2', 'ems', 5.837, 51.813, NULL, NULL, NULL, NULL, NULL, NULL, '2019-08-22 11:26:11', 1, 1, 199), ('Location_B_System_1', 'ems', 5.894, 52.067, NULL, NULL, NULL, NULL, NULL, NULL, '2019-08-22 11:26:11', 1, -1, 199), ('Location_B_System_2', 'ems',  5.894, 52.067, NULL, NULL, NULL, NULL, NULL, NULL, '2019-08-22 11:26:12', 1, -1, 199);

INSERT INTO `predictions` (`id`, `name`, `forecast_type`, `model`, `created`, `active`, `horizon_minutes`, `resolution_minutes`, `train_components`,
`ean`) VALUES
(459, 'Location_A', 'demand', 'xgb_quantile', '2019-05-16 14:55:34', 1, 2880, 15, b'1', '000000000000000002'), (321, 'Location_B', 'demand', 'xgb', '2019-05-16 14:56:15', 1, 2880, 15, b'1', '000000000000000001'), (317, 'Location_A', 'demand', 'xgb', '2019-05-16 14:55:34', 1, 2880, 15, b'1', '000000000000000002'), (313, 'Location_C', 'demand', 'xgb', '2019-05-16 14:53:38', 1, 2880, 15, b'1', '000000000000000003');

INSERT INTO `quantile_sets` (`id`,`quantiles`,`description`) VALUES (1, '[0.05,0.1,0.3,0.5,0.7,0.9,0.95]', 'Default quantile set');

INSERT INTO `energy_split_coefs` (`id`, `pid`, `date_start`, `date_end`, `created`, `coef_name`, `coef_value`) VALUES (1136774, 317, '2020-12-22', '2021-03-22', '2021-03-22 10:35:03', 'MAE', 5.43466), (1136762, 317, '2020-12-22', '2021-03-22', '2021-03-22 10:35:03', 'wind_ref', 61.9371), (1136763, 317, '2020-12-22', '2021-03-22', '2021-03-22 10:35:03', 'pv_ref', 7.96404), (1136764, 317, '2020-12-22', '2021-03-22', '2021-03-22 10:35:03', 'sjv_E1A', 0), (1136765, 317, '2020-12-22', '2021-03-22', '2021-03-22 10:35:03', 'sjv_E1B', 0), (1136766, 317, '2020-12-22', '2021-03-22', '2021-03-22 10:35:03', 'sjv_E1C', 0), (1136767, 317, '2020-12-22', '2021-03-22', '2021-03-22 10:35:03', 'sjv_E2A', 0), (1136768, 317, '2020-12-22', '2021-03-22', '2021-03-22 10:35:03', 'sjv_E2B', 93490.5), (1136769, 317, '2020-12-22', '2021-03-22', '2021-03-22 10:35:03', 'sjv_E3A', 46882.8), (1136770, 317, '2020-12-22', '2021-03-22', '2021-03-22 10:35:03', 'sjv_E3B', 0), (1136771, 317, '2020-12-22', '2021-03-22', '2021-03-22 10:35:03', 'sjv_E3C', 0), (1136772, 317, '2020-12-22', '2021-03-22', '2021-03-22 10:35:03', 'sjv_E3D', 457336), (1136773, 317, '2020-12-22', '2021-03-22', '2021-03-22 10:35:03', 'sjv_E4A', 25410.6), (1136717, 317, '2020-12-22', '2021-03-22', '2021-03-22 10:22:30', 'sjv_E3A', 46830.2), (1136710, 317, '2020-12-22', '2021-03-22', '2021-03-22 10:22:30', 'wind_ref', 61.9339), (1136711, 317, '2020-12-22', '2021-03-22', '2021-03-22 10:22:30', 'pv_ref', 7.96138), (1136712, 317, '2020-12-22', '2021-03-22', '2021-03-22 10:22:30', 'sjv_E1A', 0), (1136713, 317, '2020-12-22', '2021-03-22', '2021-03-22 10:22:30', 'sjv_E1B', 0), (1136714, 317, '2020-12-22', '2021-03-22', '2021-03-22 10:22:30', 'sjv_E1C', 0), (1136715, 317, '2020-12-22', '2021-03-22', '2021-03-22 10:22:30', 'sjv_E2A', 0), (1136718, 317, '2020-12-22', '2021-03-22', '2021-03-22 10:22:30', 'sjv_E3B', 0), (1136719, 317, '2020-12-22', '2021-03-22', '2021-03-22 10:22:30', 'sjv_E3C', 0), (1136720, 317, '2020-12-22', '2021-03-22', '2021-03-22 10:22:30', 'sjv_E3D', 457430), (1136721, 317, '2020-12-22', '2021-03-22', '2021-03-22 10:22:30', 'sjv_E4A', 25438.5), (1136722, 317, '2020-12-22', '2021-03-22', '2021-03-22 10:22:30', 'MAE', 5.43458), (1136716, 317, '2020-12-22', '2021-03-22', '2021-03-22 10:22:30', 'sjv_E2B', 93373.5), (1136330, 317, '2020-12-15', '2021-03-15', '2021-03-15 10:05:27', 'sjv_E3D', 457806), (1136321, 317, '2020-12-15', '2021-03-15', '2021-03-15 10:05:27', 'pv_ref', 6.52087), (1136322, 317, '2020-12-15', '2021-03-15', '2021-03-15 10:05:27', 'sjv_E1A', 0), (1136323, 317, '2020-12-15', '2021-03-15', '2021-03-15 10:05:27', 'sjv_E1B', 0), (1136324, 317, '2020-12-15', '2021-03-15', '2021-03-15 10:05:27', 'sjv_E1C', 0), (1136325, 317, '2020-12-15', '2021-03-15', '2021-03-15 10:05:27', 'sjv_E2A', 0), (1136326, 317, '2020-12-15', '2021-03-15', '2021-03-15 10:05:27', 'sjv_E2B', 99386.6), (1136327, 317, '2020-12-15', '2021-03-15', '2021-03-15 10:05:27', 'sjv_E3A', 39672.6), (1136328, 317, '2020-12-15', '2021-03-15', '2021-03-15 10:05:27', 'sjv_E3B', 0), (1136329, 317, '2020-12-15', '2021-03-15', '2021-03-15 10:05:27', 'sjv_E3C', 0), (1136331, 317, '2020-12-15', '2021-03-15', '2021-03-15 10:05:27', 'sjv_E4A', 26994.3), (1136332, 317, '2020-12-15', '2021-03-15', '2021-03-15 10:05:27', 'MAE', 5.30905), (1136320, 317, '2020-12-15', '2021-03-15', '2021-03-15 10:05:27', 'wind_ref', 60.7769), (1136098, 321, '2020-12-08', '2021-03-08', '2021-03-08 10:26:21', 'MAE', 11.6559), (1136086, 321, '2020-12-08', '2021-03-08', '2021-03-08 10:26:21', 'wind_ref', 0), (1136087, 321, '2020-12-08', '2021-03-08', '2021-03-08 10:26:21', 'pv_ref', 62.8949), (1136088, 321, '2020-12-08', '2021-03-08', '2021-03-08 10:26:21', 'sjv_E1A', 3.61863), (1136089, 321, '2020-12-08', '2021-03-08', '2021-03-08 10:26:21', 'sjv_E1B', 0.310123), (1136090, 321, '2020-12-08', '2021-03-08', '2021-03-08 10:26:21', 'sjv_E1C', 295224), (1136091, 321, '2020-12-08', '2021-03-08', '2021-03-08 10:26:21', 'sjv_E2A', 17.7436), (1136092, 321, '2020-12-08', '2021-03-08', '2021-03-08 10:26:21', 'sjv_E2B', 78.2667), (1136093, 321, '2020-12-08', '2021-03-08', '2021-03-08 10:26:21', 'sjv_E3A', 1.61552), (1136094, 321, '2020-12-08', '2021-03-08', '2021-03-08 10:26:21', 'sjv_E3B', 285996), (1136095, 321, '2020-12-08', '2021-03-08', '2021-03-08 10:26:21', 'sjv_E3C', 4.83026), (1136096, 321, '2020-12-08', '2021-03-08', '2021-03-08 10:26:21', 'sjv_E3D', 152276), (1136097, 321, '2020-12-08', '2021-03-08', '2021-03-08 10:26:21', 'sjv_E4A', 178645), (1135365, 313, '2020-12-08', '2021-03-08', '2021-03-08 10:15:57', 'sjv_E3A', 0), (1135358, 313, '2020-12-08', '2021-03-08', '2021-03-08 10:15:57', 'wind_ref', 5.59792), (1135359, 313, '2020-12-08', '2021-03-08', '2021-03-08 10:15:57', 'pv_ref', 12.4626), (1135360, 313, '2020-12-08', '2021-03-08', '2021-03-08 10:15:57', 'sjv_E1A', 330169), (1135361, 313, '2020-12-08', '2021-03-08', '2021-03-08 10:15:57', 'sjv_E1B', 0), (1135362, 313, '2020-12-08', '2021-03-08', '2021-03-08 10:15:57', 'sjv_E1C', 0), (1135363, 313, '2020-12-08', '2021-03-08', '2021-03-08 10:15:57', 'sjv_E2A', 0), (1135366, 313, '2020-12-08', '2021-03-08', '2021-03-08 10:15:57', 'sjv_E3B', 262214), (1135367, 313, '2020-12-08', '2021-03-08', '2021-03-08 10:15:57', 'sjv_E3C', 126.64), (1135368, 313, '2020-12-08', '2021-03-08', '2021-03-08 10:15:57', 'sjv_E3D', 498382), (1135369, 313, '2020-12-08', '2021-03-08', '2021-03-08 10:15:57', 'sjv_E4A', 0), (1135370, 313, '2020-12-08', '2021-03-08', '2021-03-08 10:15:57', 'MAE', 3.02624), (1135364, 313, '2020-12-08', '2021-03-08', '2021-03-08 10:15:57', 'sjv_E2B', 0), (1135303, 317, '2020-12-08', '2021-03-08', '2021-03-08 10:14:19', 'sjv_E3D', 447903), (1135294, 317, '2020-12-08', '2021-03-08', '2021-03-08 10:14:19', 'pv_ref', 6.06868), (1135295, 317, '2020-12-08', '2021-03-08', '2021-03-08 10:14:19', 'sjv_E1A', 0), (1135296, 317, '2020-12-08', '2021-03-08', '2021-03-08 10:14:19', 'sjv_E1B', 0), (1135297, 317, '2020-12-08', '2021-03-08', '2021-03-08 10:14:19', 'sjv_E1C', 0), (1135298, 317, '2020-12-08', '2021-03-08', '2021-03-08 10:14:19', 'sjv_E2A', 0), (1135299, 317, '2020-12-08', '2021-03-08', '2021-03-08 10:14:19', 'sjv_E2B', 118599), (1135300, 317, '2020-12-08', '2021-03-08', '2021-03-08 10:14:19', 'sjv_E3A', 31397.4), (1135301, 317, '2020-12-08', '2021-03-08', '2021-03-08 10:14:19', 'sjv_E3B', 0), (1135302, 317, '2020-12-08', '2021-03-08', '2021-03-08 10:14:19', 'sjv_E3C', 0), (1135304, 317, '2020-12-08', '2021-03-08', '2021-03-08 10:14:19', 'sjv_E4A', 26460), (1135305, 317, '2020-12-08', '2021-03-08', '2021-03-08 10:14:19', 'MAE', 5.03747), (1135293, 317, '2020-12-08', '2021-03-08', '2021-03-08 10:14:19', 'wind_ref', 52.6867);


INSERT INTO `genericpowercurves` (`name`, `cut_in`, `cut_off`, `kind`, `manufacturer`, `peak_capacity`, `rated_power`, `slope_center`,
`steepness`) VALUES
('Enercon E101', 3, 25, 'onshore', 'Enercon', 3040270, 3000000, 7.91, 0.76), ('Enercon E126', 3, 25, 'onshore', 'Enercon', 7738960, 7580000, 10.1, 0.561), ('Enercon E82', 3, 25, 'onshore', 'Enercon', 2136280, 2000000, 8.66, 0.681), ('Lagerwey L100', 3, 25, 'onshore', 'Lagerwey', 2260050, 2500000, 8.07, 0.664), ('Neg Micon 48', 3, 25, 'onshore', 'Neg Micon', 760215, 750000, 9.24, 0.615), ('Nordex N100', 3, 25, 'onshore', 'Nordex', 2533490, 2500000, 8.1, 0.8), ('Nordtank NTK600 43', 3, 25, 'onshore', 'Nordtank', 600000, 600000, 9.3, 0.615), ('rescaled_Lagerwey L100', 3, 25, 'onshore', 'Lagerwey', 2.26005, 2.5, 8.07, 0.664), ('Siemens SWT4.0', 3, 25, 'offshore', 'Siemens', 4047380, 4000000, 7.78, 0.825), ('Vestas V112', 3, 25, 'onshore', 'Vestas', 3115990, 3000000, 8.15, 0.807), ('Vestas V90', 3, 25, 'onshore', 'Vestas', 2031320, 2000000, 8.29, 0.667);


INSERT INTO `hyper_params` (`id`, `name`, `model`) VALUES (1, 'subsample', 'xgb'), (2, 'min_child_weight', 'xgb'), (3, 'max_depth', 'xgb'), (4, 'gamma', 'xgb'), (5, 'colsample_bytree', 'xgb'), (6, 'silent', 'xgb'), (7, 'objective', 'xgb'), (8, 'eta', 'xgb'), (9, 'featureset_name', 'xgb'), (10, 'training_period_days', 'xgb'), (11, 'subsample', 'xgb_quantile'), (12, 'min_child_weight', 'xgb_quantile'), (13, 'max_depth', 'xgb_quantile'), (14, 'gamma', 'xgb_quantile'), (15, 'colsample_bytree', 'xgb_quantile'), (16, 'silent', 'xgb_quantile'), (17, 'objective', 'xgb_quantile'), (18, 'eta', 'xgb_quantile'), (19, 'featureset_name', 'xgb_quantile'), (20, 'training_period_days', 'xgb_quantile');



INSERT INTO `hyper_param_values` (`id`, `prediction_id`, `hyper_params_id`, `value`, `created`) VALUES (6447, 313, 10, '120', '2021-04-30 13:04:00'), (4247, 321, 10, '120', '2021-04-30 07:49:00'), (3106, 317, 10, '150', '2021-05-28 10:42:00'), (6446, 313, 9, 'C', '2021-04-30 13:04:00'), (4246, 321, 9, 'B', '2021-04-30 07:49:00'), (3105, 317, 9, 'F', '2021-05-28 10:42:00'), (6445, 313, 8, '0.05089302512028686', '2021-04-30 13:04:00'), (4245, 321, 8, '0.03572350089539172', '2021-04-30 07:49:00'), (3107, 317, 8, '0.055672151948137294', '2021-05-28 10:42:00'), (163, 313, 5, '0.7325001584033698', '2021-04-30 13:04:00'), (191, 317, 5, '0.9461907770583404', '2021-05-28 10:42:00'), (219, 321, 5, '0.9318479017921697', '2021-04-30 07:49:00'), (162, 313, 4, '0.6297169620289531', '2021-04-30 13:04:00'), (190, 317, 4, '0.20375461404310277', '2021-05-28 10:42:00'), (218, 321, 4, '0.2737174200672636', '2021-04-30 07:49:00'), (217, 321, 3, '3', '2021-04-30 07:49:00'), (189, 317, 3, '6', '2021-05-28 10:42:00'), (161, 313, 3, '10', '2021-04-30 13:04:00'), (216, 321, 2, '2', '2021-04-30 07:49:00'), (188, 317, 2, '3', '2021-05-28 10:42:00'), (160, 313, 2, '1', '2021-04-30 13:04:00'), (159, 313, 1, '0.9110858946357699', '2021-04-30 13:04:00'), (215, 321, 1, '0.7517060380641509', '2021-04-30 07:49:00'), (187, 317, 1, '0.9907384039640708', '2021-05-28 10:42:00');


INSERT INTO `NameToLatLon` (`regionInput`, `lon`, `lat`) VALUES
('Leeuwarden', '5.800', '53.201'),
('Nijmegen', '5.837', '51.813'),
('Deelen', '5.894', '52.067');

INSERT INTO `weatherforecastlocations` (`created`, `input_city`, `lat`, `lon`, `country`, `active`) VALUES (CURRENT_TIMESTAMP, 'Deelen', '52.067', '5.894', 'NL', '1'),(CURRENT_TIMESTAMP, 'Nijmegen', '5.837', '51.813', 'NL', '1'),(CURRENT_TIMESTAMP, 'Leeuwarden', '5.800', '53.201','NL', '1');

INSERT INTO `customers_predictions` (`customer_id`, `prediction_id`) VALUES
(316, 321),
(312, 317),
(312, 459),
(307, 313);

INSERT INTO `predictions_quantile_sets` (`id`, `prediction_id`, 
`quantile_set_id`) VALUES
(140, 459, 1),
(29, 321, 1),
(26, 317, 1),
(22, 313, 1);

INSERT INTO `predictions_systems` (`prediction_id`, `system_id`) VALUES
(459, 'Location_A_System_1'),
(459, 'Location_A_System_2'),
(321, 'Location_B_System_1'),
(321, 'Location_B_System_2'),
(317, 'Location_A_System_1'),
(317, 'Location_A_System_2'),
(313, 'Location_C_System_1'),
(313, 'Location_C_System_2');


