INSERT INTO `customers` (`id`, `name`, `vip`, `active`) VALUES
(316, 'Location_A', b'1', b'1'),
(312, 'Location_B', b'1', b'1'),
(307, 'Location_C', b'1', b'1');

INSERT INTO `customersApiKeys` (`id`, `cid`, `name`, `apiKey`) VALUES
(103, 316, 'Location_A', 'uuid-Location_A'),
(99, 312, 'Location_B', 'uuid-Location_B'),
(94, 307, 'Location_C', 'uuid-Location_C');

INSERT INTO `systemsApiKeys` (`id`, `name`, `apiKey`) VALUES
(199, 'Measurements', 'uuid-Measurements');

INSERT INTO `systems` (`sid`, `origin`, `lat`, `lon`, `region`, `timezone`, `brand`, `freq`, `qual`, `lag`, `created`, `autoupdate`, `polarity`, `measurements_customer_api_key_id`) VALUES
('Location_C_System_1', 'ems', 52.6, 5.3, NULL, NULL, NULL, NULL, NULL, NULL, '2019-08-22 11:26:11', 1, -1, 199),
('Location_C_System_2', 'ems', 52.6, 5.3, NULL, NULL, NULL, NULL, NULL, NULL, '2019-08-22 11:26:11', 1, -1, 199),
('Location_A_System_1', 'ems', 52.6, 5.6, NULL, NULL, NULL, NULL, NULL, NULL, '2019-08-22 11:26:07', 1, 1, 199),
('Location_A_System_2', 'ems', 52.6, 5.6, NULL, NULL, NULL, NULL, NULL, NULL, '2019-08-22 11:26:11', 1, 1, 199),
('Location_B_System_1', 'ems', 53.1, 6.4, NULL, NULL, NULL, NULL, NULL, NULL, '2019-08-22 11:26:11', 1, -1, 199),
('Location_B_System_2', 'ems', 53.1, 6.4, NULL, NULL, NULL, NULL, NULL, NULL, '2019-08-22 11:26:12', 1, -1, 199);

INSERT INTO `predictions` (`id`, `name`, `typ`, `model`, `created`, `active`, `horizon_minutes`, `resolution_minutes`, `train_components`, `ean`) VALUES
(459, 'Location_A', 'demand', 'xgb_quantile', '2019-05-16 14:55:34', 1, 2880, 15, b'1', '000000000000000002'),
(321, 'Location_B', 'demand', 'xgb', '2019-05-16 14:56:15', 1, 2880, 15, b'1', '000000000000000001'),
(317, 'Location_A', 'demand', 'xgb', '2019-05-16 14:55:34', 1, 2880, 15, b'1', '000000000000000002'),
(313, 'Location_C', 'demand', 'xgb', '2019-05-16 14:53:38', 1, 2880, 15, b'1', '000000000000000003');


INSERT INTO `energy_split_coefs` (`id`, `pid`, `date_start`, `date_end`, `created`, `coef_name`, `coef_value`) VALUES
(1136774, 317, '2020-12-22', '2021-03-22', '2021-03-22 10:35:03', 'MAE', 5.43466),
(1136762, 317, '2020-12-22', '2021-03-22', '2021-03-22 10:35:03', 'wind_ref', 61.9371),
(1136763, 317, '2020-12-22', '2021-03-22', '2021-03-22 10:35:03', 'pv_ref', 7.96404),
(1136764, 317, '2020-12-22', '2021-03-22', '2021-03-22 10:35:03', 'sjv_E1A', 0),
(1136765, 317, '2020-12-22', '2021-03-22', '2021-03-22 10:35:03', 'sjv_E1B', 0),
(1136766, 317, '2020-12-22', '2021-03-22', '2021-03-22 10:35:03', 'sjv_E1C', 0),
(1136767, 317, '2020-12-22', '2021-03-22', '2021-03-22 10:35:03', 'sjv_E2A', 0),
(1136768, 317, '2020-12-22', '2021-03-22', '2021-03-22 10:35:03', 'sjv_E2B', 93490.5),
(1136769, 317, '2020-12-22', '2021-03-22', '2021-03-22 10:35:03', 'sjv_E3A', 46882.8),
(1136770, 317, '2020-12-22', '2021-03-22', '2021-03-22 10:35:03', 'sjv_E3B', 0),
(1136771, 317, '2020-12-22', '2021-03-22', '2021-03-22 10:35:03', 'sjv_E3C', 0),
(1136772, 317, '2020-12-22', '2021-03-22', '2021-03-22 10:35:03', 'sjv_E3D', 457336),
(1136773, 317, '2020-12-22', '2021-03-22', '2021-03-22 10:35:03', 'sjv_E4A', 25410.6),
(1136717, 317, '2020-12-22', '2021-03-22', '2021-03-22 10:22:30', 'sjv_E3A', 46830.2),
(1136710, 317, '2020-12-22', '2021-03-22', '2021-03-22 10:22:30', 'wind_ref', 61.9339),
(1136711, 317, '2020-12-22', '2021-03-22', '2021-03-22 10:22:30', 'pv_ref', 7.96138),
(1136712, 317, '2020-12-22', '2021-03-22', '2021-03-22 10:22:30', 'sjv_E1A', 0),
(1136713, 317, '2020-12-22', '2021-03-22', '2021-03-22 10:22:30', 'sjv_E1B', 0),
(1136714, 317, '2020-12-22', '2021-03-22', '2021-03-22 10:22:30', 'sjv_E1C', 0),
(1136715, 317, '2020-12-22', '2021-03-22', '2021-03-22 10:22:30', 'sjv_E2A', 0),
(1136718, 317, '2020-12-22', '2021-03-22', '2021-03-22 10:22:30', 'sjv_E3B', 0),
(1136719, 317, '2020-12-22', '2021-03-22', '2021-03-22 10:22:30', 'sjv_E3C', 0),
(1136720, 317, '2020-12-22', '2021-03-22', '2021-03-22 10:22:30', 'sjv_E3D', 457430),
(1136721, 317, '2020-12-22', '2021-03-22', '2021-03-22 10:22:30', 'sjv_E4A', 25438.5),
(1136722, 317, '2020-12-22', '2021-03-22', '2021-03-22 10:22:30', 'MAE', 5.43458),
(1136716, 317, '2020-12-22', '2021-03-22', '2021-03-22 10:22:30', 'sjv_E2B', 93373.5),
(1136330, 317, '2020-12-15', '2021-03-15', '2021-03-15 10:05:27', 'sjv_E3D', 457806),
(1136321, 317, '2020-12-15', '2021-03-15', '2021-03-15 10:05:27', 'pv_ref', 6.52087),
(1136322, 317, '2020-12-15', '2021-03-15', '2021-03-15 10:05:27', 'sjv_E1A', 0),
(1136323, 317, '2020-12-15', '2021-03-15', '2021-03-15 10:05:27', 'sjv_E1B', 0),
(1136324, 317, '2020-12-15', '2021-03-15', '2021-03-15 10:05:27', 'sjv_E1C', 0),
(1136325, 317, '2020-12-15', '2021-03-15', '2021-03-15 10:05:27', 'sjv_E2A', 0),
(1136326, 317, '2020-12-15', '2021-03-15', '2021-03-15 10:05:27', 'sjv_E2B', 99386.6),
(1136327, 317, '2020-12-15', '2021-03-15', '2021-03-15 10:05:27', 'sjv_E3A', 39672.6),
(1136328, 317, '2020-12-15', '2021-03-15', '2021-03-15 10:05:27', 'sjv_E3B', 0),
(1136329, 317, '2020-12-15', '2021-03-15', '2021-03-15 10:05:27', 'sjv_E3C', 0),
(1136331, 317, '2020-12-15', '2021-03-15', '2021-03-15 10:05:27', 'sjv_E4A', 26994.3),
(1136332, 317, '2020-12-15', '2021-03-15', '2021-03-15 10:05:27', 'MAE', 5.30905),
(1136320, 317, '2020-12-15', '2021-03-15', '2021-03-15 10:05:27', 'wind_ref', 60.7769),
(1136098, 321, '2020-12-08', '2021-03-08', '2021-03-08 10:26:21', 'MAE', 11.6559),
(1136086, 321, '2020-12-08', '2021-03-08', '2021-03-08 10:26:21', 'wind_ref', 0),
(1136087, 321, '2020-12-08', '2021-03-08', '2021-03-08 10:26:21', 'pv_ref', 62.8949),
(1136088, 321, '2020-12-08', '2021-03-08', '2021-03-08 10:26:21', 'sjv_E1A', 3.61863),
(1136089, 321, '2020-12-08', '2021-03-08', '2021-03-08 10:26:21', 'sjv_E1B', 0.310123),
(1136090, 321, '2020-12-08', '2021-03-08', '2021-03-08 10:26:21', 'sjv_E1C', 295224),
(1136091, 321, '2020-12-08', '2021-03-08', '2021-03-08 10:26:21', 'sjv_E2A', 17.7436),
(1136092, 321, '2020-12-08', '2021-03-08', '2021-03-08 10:26:21', 'sjv_E2B', 78.2667),
(1136093, 321, '2020-12-08', '2021-03-08', '2021-03-08 10:26:21', 'sjv_E3A', 1.61552),
(1136094, 321, '2020-12-08', '2021-03-08', '2021-03-08 10:26:21', 'sjv_E3B', 285996),
(1136095, 321, '2020-12-08', '2021-03-08', '2021-03-08 10:26:21', 'sjv_E3C', 4.83026),
(1136096, 321, '2020-12-08', '2021-03-08', '2021-03-08 10:26:21', 'sjv_E3D', 152276),
(1136097, 321, '2020-12-08', '2021-03-08', '2021-03-08 10:26:21', 'sjv_E4A', 178645),
(1135365, 313, '2020-12-08', '2021-03-08', '2021-03-08 10:15:57', 'sjv_E3A', 0),
(1135358, 313, '2020-12-08', '2021-03-08', '2021-03-08 10:15:57', 'wind_ref', 5.59792),
(1135359, 313, '2020-12-08', '2021-03-08', '2021-03-08 10:15:57', 'pv_ref', 12.4626),
(1135360, 313, '2020-12-08', '2021-03-08', '2021-03-08 10:15:57', 'sjv_E1A', 330169),
(1135361, 313, '2020-12-08', '2021-03-08', '2021-03-08 10:15:57', 'sjv_E1B', 0),
(1135362, 313, '2020-12-08', '2021-03-08', '2021-03-08 10:15:57', 'sjv_E1C', 0),
(1135363, 313, '2020-12-08', '2021-03-08', '2021-03-08 10:15:57', 'sjv_E2A', 0),
(1135366, 313, '2020-12-08', '2021-03-08', '2021-03-08 10:15:57', 'sjv_E3B', 262214),
(1135367, 313, '2020-12-08', '2021-03-08', '2021-03-08 10:15:57', 'sjv_E3C', 126.64),
(1135368, 313, '2020-12-08', '2021-03-08', '2021-03-08 10:15:57', 'sjv_E3D', 498382),
(1135369, 313, '2020-12-08', '2021-03-08', '2021-03-08 10:15:57', 'sjv_E4A', 0),
(1135370, 313, '2020-12-08', '2021-03-08', '2021-03-08 10:15:57', 'MAE', 3.02624),
(1135364, 313, '2020-12-08', '2021-03-08', '2021-03-08 10:15:57', 'sjv_E2B', 0),
(1135303, 317, '2020-12-08', '2021-03-08', '2021-03-08 10:14:19', 'sjv_E3D', 447903),
(1135294, 317, '2020-12-08', '2021-03-08', '2021-03-08 10:14:19', 'pv_ref', 6.06868),
(1135295, 317, '2020-12-08', '2021-03-08', '2021-03-08 10:14:19', 'sjv_E1A', 0),
(1135296, 317, '2020-12-08', '2021-03-08', '2021-03-08 10:14:19', 'sjv_E1B', 0),
(1135297, 317, '2020-12-08', '2021-03-08', '2021-03-08 10:14:19', 'sjv_E1C', 0),
(1135298, 317, '2020-12-08', '2021-03-08', '2021-03-08 10:14:19', 'sjv_E2A', 0),
(1135299, 317, '2020-12-08', '2021-03-08', '2021-03-08 10:14:19', 'sjv_E2B', 118599),
(1135300, 317, '2020-12-08', '2021-03-08', '2021-03-08 10:14:19', 'sjv_E3A', 31397.4),
(1135301, 317, '2020-12-08', '2021-03-08', '2021-03-08 10:14:19', 'sjv_E3B', 0),
(1135302, 317, '2020-12-08', '2021-03-08', '2021-03-08 10:14:19', 'sjv_E3C', 0),
(1135304, 317, '2020-12-08', '2021-03-08', '2021-03-08 10:14:19', 'sjv_E4A', 26460),
(1135305, 317, '2020-12-08', '2021-03-08', '2021-03-08 10:14:19', 'MAE', 5.03747),
(1135293, 317, '2020-12-08', '2021-03-08', '2021-03-08 10:14:19', 'wind_ref', 52.6867);


INSERT INTO `genericpowercurves` (`name`, `cut_in`, `cut_off`, `kind`, `manufacturer`, `peak_capacity`, `rated_power`, `slope_center`, `steepness`) VALUES
('Enercon E101', 3, 25, 'onshore', 'Enercon', 3040270, 3000000, 7.91, 0.76),
('Enercon E126', 3, 25, 'onshore', 'Enercon', 7738960, 7580000, 10.1, 0.561),
('Enercon E82', 3, 25, 'onshore', 'Enercon', 2136280, 2000000, 8.66, 0.681),
('Lagerwey L100', 3, 25, 'onshore', 'Lagerwey', 2260050, 2500000, 8.07, 0.664),
('Neg Micon 48', 3, 25, 'onshore', 'Neg Micon', 760215, 750000, 9.24, 0.615),
('Nordex N100', 3, 25, 'onshore', 'Nordex', 2533490, 2500000, 8.1, 0.8),
('Nordtank NTK600 43', 3, 25, 'onshore', 'Nordtank', 600000, 600000, 9.3, 0.615),
('rescaled_Lagerwey L100', 3, 25, 'onshore', 'Lagerwey', 2.26005, 2.5, 8.07, 0.664),
('Siemens SWT4.0', 3, 25, 'offshore', 'Siemens', 4047380, 4000000, 7.78, 0.825),
('Vestas V112', 3, 25, 'onshore', 'Vestas', 3115990, 3000000, 8.15, 0.807),
('Vestas V90', 3, 25, 'onshore', 'Vestas', 2031320, 2000000, 8.29, 0.667);


INSERT INTO `hyper_params` (`id`, `name`, `model`) VALUES
(1, 'subsample', 'xgb'),
(2, 'min_child_weight', 'xgb'),
(3, 'max_depth', 'xgb'),
(4, 'gamma', 'xgb'),
(5, 'colsample_bytree', 'xgb'),
(6, 'silent', 'xgb'),
(7, 'objective', 'xgb'),
(8, 'eta', 'xgb'),
(9, 'featureset_name', 'xgb'),
(10, 'training_period_days', 'xgb'),
(11, 'subsample', 'xgb_quantile'),
(12, 'min_child_weight', 'xgb_quantile'),
(13, 'max_depth', 'xgb_quantile'),
(14, 'gamma', 'xgb_quantile'),
(15, 'colsample_bytree', 'xgb_quantile'),
(16, 'silent', 'xgb_quantile'),
(17, 'objective', 'xgb_quantile'),
(18, 'eta', 'xgb_quantile'),
(19, 'featureset_name', 'xgb_quantile'),
(20, 'training_period_days', 'xgb_quantile');



INSERT INTO `hyper_param_values` (`id`, `prediction_id`, `hyper_params_id`, `value`, `created`) VALUES
(6447, 313, 10, '120', '2021-04-30 13:04:00'),
(4247, 321, 10, '120', '2021-04-30 07:49:00'),
(3106, 317, 10, '150', '2021-05-28 10:42:00'),
(6446, 313, 9, 'C', '2021-04-30 13:04:00'),
(4246, 321, 9, 'B', '2021-04-30 07:49:00'),
(3105, 317, 9, 'F', '2021-05-28 10:42:00'),
(6445, 313, 8, '0.05089302512028686', '2021-04-30 13:04:00'),
(4245, 321, 8, '0.03572350089539172', '2021-04-30 07:49:00'),
(3107, 317, 8, '0.055672151948137294', '2021-05-28 10:42:00'),
(163, 313, 5, '0.7325001584033698', '2021-04-30 13:04:00'),
(191, 317, 5, '0.9461907770583404', '2021-05-28 10:42:00'),
(219, 321, 5, '0.9318479017921697', '2021-04-30 07:49:00'),
(162, 313, 4, '0.6297169620289531', '2021-04-30 13:04:00'),
(190, 317, 4, '0.20375461404310277', '2021-05-28 10:42:00'),
(218, 321, 4, '0.2737174200672636', '2021-04-30 07:49:00'),
(217, 321, 3, '3', '2021-04-30 07:49:00'),
(189, 317, 3, '6', '2021-05-28 10:42:00'),
(161, 313, 3, '10', '2021-04-30 13:04:00'),
(216, 321, 2, '2', '2021-04-30 07:49:00'),
(188, 317, 2, '3', '2021-05-28 10:42:00'),
(160, 313, 2, '1', '2021-04-30 13:04:00'),
(159, 313, 1, '0.9110858946357699', '2021-04-30 13:04:00'),
(215, 321, 1, '0.7517060380641509', '2021-04-30 07:49:00'),
(187, 317, 1, '0.9907384039640708', '2021-05-28 10:42:00');


INSERT INTO `NameToLatLon` (`regionInput`, `lon`, `lat`) VALUES
('Zeist', '5.233', '52.091'),
('Heerhugowaard', '4.832', '52.663'),
('Utrecht', '5.121', '52.091'),
('Vierakker', '6.235', '52.108'),
('Deventer', '6.155', '52.266'),
('Pampus', '5.069', '52.365'),
('Lauwersoog', '6.212', '53.405'),
('Nieuw Beerta', '7.163', '53.189'),
('Terschelling', '5.347', '53.398'),
('Vlieland', '4.951', '53.250'),
('Leeuwarden', '5.800', '53.201'),
('Stavoren', '5.361', '52.883'),
('Houtribdijk', '5.422', '52.627'),
('Eelde', '6.564', '53.133'),
('Hoogeveen', '6.490', '52.729'),
('Heino', '6.233', '52.434'),
('Twente', '5.738', '52.717'),
('Deelen', '5.894', '52.067'),
('Hupsel', '6.617', '52.082'),
('Herwijnen', '5.130', '51.827'),
('Marknesse', '5.865', '52.712'),
('Lelystad', '5.471', '52.519'),
('De Bilt', '5.181', '52.109'),
('Cabauw', '4.898', '51.965'),
('Den Helder', '4.761', '52.956'),
('Berkhout', '4.999', '52.640'),
('IJmuiden', '4.606', '52.457'),
('Wijk aan Zee', '4.593', '52.492'),
('Schiphol', '4.767', '52.308'),
('Voorschoten', '4.439', '52.124'),
('Rotterdam', '4.478', '51.924'),
('Hoek van Holland', '4.134', '51.981'),
('Vlissingen', '3.571', '51.454'),
('Westdorpe', '3.830', '51.234'),
('Woensdrecht', '4.305', '51.429'),
('Gilze Rijen', '4.909', '51.560'),
('Volkel', '5.655', '51.643'),
('Eindhoven', '5.470', '51.442'),
('Ell', '5.795', '51.220'),
('Arcen', '6.181', '51.476'),
('Maastricht-Aachen Airport', '5.766', '50.912'),
('Maastricht', '5.691', '50.851'),
('Haarlemmermeer', '4.674', '52.300'),
('Brussel', '4.352', '50.850'),
('Antwerpen', '4.402', '51.219'),
('Ghent', '3.717', '51.054'),
('Kortrijk', '3.258', '50.819'),
('Belgium', '4.470', '50.504'),
('Schijndel', '5.433', '51.620'),
('New York', '-74.006', '40.713'),
('Arnhem', '5.899', '51.985'),
('BE', '4.470', '50.504'),
('Amsterdam', '4.895', '52.370'),
('Nijmegen', '5.837', '51.813'),
('IDI', '97.717', '4.987'),
('Texel', '4.798', '53.055'),
('NL', '5.291', '52.133'),
('Aarschot', '4.837', '50.986'),
('Leopoldsburg', '5.251', '51.118'),
('Driebergen', '5.285', '52.051'),
('Hoorn', '5.060', '52.642'),
('Bunnik', '5.201', '52.067'),
('heinsberg', '6.118', '51.060'),
('Parijs', '2.352', '48.857'),
('Duiven', '6.018', '51.947'),
('Delft', '4.357', '52.012'),
('Stambruges', '3.717', '50.509'),
('Baisy Thy', '4.476', '50.597'),
('Rijsenhout', '4.713', '52.262'),
('Baisy-Thy', '4.476', '50.597'),
('Lochem', '6.410', '52.159'),
('brugge', '3.225', '51.209'),
('Moen, belgie', '3.397', '50.770'),
('Roeselaere, belgie', '3.129', '50.950'),
('Dentergem, belgie', '3.419', '50.964'),
('Izegem, belgie', '3.213', '50.918'),
('Beernem, belgie', '3.341', '51.142'),
('Landegem, belgie', '3.573', '51.057'),
('Rekkem, belgie', '3.164', '50.783'),
('Sint-kruis, belgie', '3.251', '51.214'),
('Enschede', '6.894', '52.222'),
('Nijmegen-Noord', '5.855', '51.871'),
('Breda', '4.768', '51.572'),
('Oosterzele, belgie', '3.816', '50.947'),
('Groningen', '6.558', '53.222'),
('Ameland', '5.659', '53.441'),
('Zeewolde', '5.458', '52.345'),
('Alphen aan de Rijn', '4.673', '52.134'),
('2018-12-01', '14.010', '50.113'),
('Zevenhuizen', '5.908', '53.259'),
('Zoetermeer', '4.488', '52.062'),
('Gouda', '4.711', '52.018'),
('Wervershoof', '5.139', '52.738'),
('Hoofddorp', '4.675', '52.301');


INSERT INTO `customers_predictions` (`customer_id`, `prediction_id`) VALUES
(316, 321),
(312, 317),
(312, 459),
(307, 313);

INSERT INTO `predictions_quantile_sets` (`id`, `prediction_id`, `quantile_set_id`) VALUES
(140, 459, 1),
(29, 321, 1),
(26, 317, 1),
(22, 313, 1);

INSERT INTO `predictions_systems` (`prediction_id`, `system_id`) VALUES
(459, 'Location_A_System_1'),
(459, 'Location_A_System_2'),
(321, 'Location_B_System_1'),
(321, 'Location_B_System_2'),
(317, 'Location_A_System_1'),
(317, 'Location_A_System_2'),
(313, 'Location_C_System_1'),
(313, 'Location_C_System_2');


